<?xml version="1.0" encoding="UTF-8" standalone="yes"?>
<addon id="repository.kextreme" name="Kextreme Repository" version="1.0.0" provider-name="Kextreme">
<extension point="xbmc.addon.repository" name="Project Adrian Repository">
<info compressed="false">http://kextreme.host22.com/Kextreme/addons.xml</info>
<checksum>http://kextreme.host22.com/Kextreme/addons.xml.md5</checksum>
<datadir zip="true">http://kextreme.host22.com/Kextreme/Zips/</datadir>
</extension>
<extension point="xbmc.addon.metadata">
<summary lang="en">Install Addons From Kextreme</summary>
<description lang="en">Kextreme Repository</description>
<disclaimer lang="en">Repository has non-comercial nature.</disclaimer>
<platform>all</platform>
</extension>
</addon>